bike,date,km/day,time/day,V_mean,V_max,total km,total time
Boettcher,21.05.2013,14.79,00:48:20,18.36,35.65,14,00:48:00
Boettcher,23.05.2013,16.14,00:44:57,21.55,36,30,01:33:00
Boettcher,24.05.2013,17.71,00:55:00,19.33,38.4,48,02:28:00
Boettcher,25.05.2013,42.15,01:55:22,21.92,43.2,90,04:23:00
Boettcher,26.05.2013,6.68,00:21:54,18.34,39.06,97,04:45:00
Boettcher,27.05.2013,17.24,00:48:57,21.15,41.98,114,05:34:00
Boettcher,28.05.2013,12.83,00:36:29,21.12,37.44,127,06:11:00
Boettcher,29.05.2013,24.29,01:06:28,21.93,44.04,151,07:17:00
Boettcher,30.05.2013,17.65,00:56:50,18.64,32.00,169,08:14:00
Boettcher,31.05.2013,38.79,02:29:32,15.56,36.00,208,10:43:00
Boettcher,01.06.2013,11.78,00:44:12,16.00,30.68,220,11:28:00
Boettcher,02.06.2013,15.81,01:04:09,14.79,39.06,235,12:32:00
Boettcher,03.06.2013,21.16,01:00:45,20.9,44.04,252,13:33:00
Boettcher,04.06.2013,34.95,01:41:41,20.62,38.40,292,15:14:00
Boettcher,05.06.2013,29.33,01:36:40,18.20,32.27,321,16:51:00
Boettcher,06.06.2013,27.83,01:25:59,19.42,38.73,349,18:17:00
Boettcher,07.06.2013,18.41,00:57:07,19.35,38.73,367,19:14:00
Boettcher,08.06.2013,20.94,01:26:42,14.49,28.80,388,20:41:00
Boettcher,09.06.2013,69.48,04:10:12,16.66,40.47,458,24:51:00
Boettcher,10.06.2013,15.99,00:44:54,21.38,40.11,474,25:36:00
Boettcher,11.06.2013,28.38,01:28:33,19.23,36.00,502,27:04:00
Boettcher,12.06.2013,23.61,01:17:53,18.19,33.42,526,28:22:00
Boettcher,13.06.2013,13.53,00:40:11,20.22,39.06,539,29:02:00
Boettcher,14.06.2013,21.47,01:07:28,19.10,36.00,561,30:10:00
Boettcher,15.06.2013,36.46,02:06:12,17.33,48.08,597,32:16:00
Boettcher,16.06.2013,42.98,03:01:24,14.21,45.97,640,35:17:00
Boettcher,17.06.2013,36.05,01:47:25,20.14,43.20,676,37:05:00
Boettcher,18.06.2013,22.72,01:08:24,19.94,39.41,699,38:13:00
Boettcher,19.06.2013,34.36,01:45:43,19.50,37.75,733,39:59:00
Boettcher,29.06.2013,2.33,00:07:03,20.73,31.46,735,40:06:00
Boettcher,30.06.2013,6.47,00:22:17,17.45,29.95,742,40:29:00
Boettcher,01.07.2013,27.44,01:16:46,21.45,44.04,769,41:45:00
Boettcher,02.07.2013,26.63,01:17:58,20.49,35.65,796,43:03:00
Boettcher,03.07.2013,25.92,01:13:16,21.22,41.60,822,44:17:00
Boettcher,04.07.2013,11.71,00:34:01,20.66,34.66,834,44:51:00
Boettcher,05.07.2013,44.22,02:24:51,18.32,38.73,878,47:16:00
Boettcher,06.07.2013,14.52,00:44:49,19.45,36.34,892,48:00:00
Boettcher,07.07.2013,48.65,02:52:01,16.97,54.95,941,50:53:00
Boettcher,08.07.2013,26.32,01:17:19,20.43,37.44,967,52:10:00
Boettcher,09.07.2013,29.69,01:28:29,20.14,39.75,997,53:38:00
Boettcher,10.07.2013,25.17,01:11:57,20.99,37.44,1022,54:50:00
Boettcher,11.07.2013,18.19,00:51:13,21.31,38.73,1041,55:41:00
Boettcher,12.07.2013,4.93,00:19:34,15.14,26.50,1045,56:01:00
Boettcher,15.07.2013,22.64,00:59:32,22.82,38.40,1068,57:01:00
Boettcher,16.07.2013,25.87,01:09:50,22.23,39.75,1094,58:10:00
Boettcher,17.07.2013,32.31,01:17:38,22.13,45.18,1126,59:38:00
Boettcher,18.07.2013,3.59,00:11:21,19.91,34.03,1130,59:49:00
Boettcher,19.07.2013,43.93,01:55:10,22.89,38.73,1174,61:45:00
Boettcher,20.07.2013,18.27,01:00:41,18.07,39.75,1192,62:45:00
Boettcher,21.07.2013,19.32,01:28:58,13.04,35.32,1211,64:14:00
Boettcher,22.07.2013,23.55,01:04:25,21.94,40.47,1235,65:19:00
Boettcher,23.07.2013,26.41,01:15:31,20.99,36.34,1261,66.34:00
Boettcher,24.07.2013,13.27,00:37:09,21.44,40.11,1275,67:11:00
Boettcher,25.07.2013,1.31,00:05:09,16.47,26.24,1276,67:16:00
Boettcher,26.07.2013,26.92,01:54:28,14.11,38.40,1303,69:11:00
Boettcher,27.07.2013,71.54,04:11:36,17.06,41.98,1374,73:23:00
Boettcher,28.07.2013,20.47,00:55:01,22.33,40.11,1395,74:18:00
Boettcher,29.07.2013,22.98,00:58:24,23.61,39.75,1418,75:16:00
Boettcher,30.07.2013,26.56,01:12:47,21.90,43.61,1444,76:29:00
Boettcher,31.07.2013,25.81,01:10:19,22.03,37.75,1469,77:39:00
Boettcher,01.08.2013,14.51,00:45:34,19.11,36.70,1485,78:25:00
Boettcher,02.08.2013,12.23,00:37:25,19.62,30.94,1497,79:02:00
Boettcher,03.08.2013,15.45,01:08:38,13.51,27.73,1513,80:11:00
Boettcher,04.08.2013,36.30,01:54:07,19.09,38.73,1549,82:05:00
Boettcher,05.08.2013,22.85,01:00:04,22.84,41.60,1572,83:05:00
Boettcher,06.08.2013,26.82,01:13:15,21.97,38.07,1599,84:18:00
Boettcher,07.08.2013,22.72,01:00:04,22.70,41.60,1621,85:18:00
Boettcher,08.08.2013,3.20,00:11:33,18.02,37.44,1624,85:30:00
Boettcher,09.08.2013,8.80,00:31:12,16.93,34.99,1633,86:01:00
Boettcher,10.08.2013,25.58,01:39:39,15.40,33.13,1659,87:41:00
Boettcher,11.08.2013,11.04,00:38:20,17.29,34.66,1670,88:19:00
Boettcher,12.08.2013,25.97,01:07:24,23.12,40.84,1696,89:26:00
Boettcher,13.08.2013,27.25,01:09:59,23.36,38.40,1723,90:36:00
Boettcher,14.08.2013,22.73,00:58:14,23.43,40.11,1746,91:35:00
Boettcher,15.08.2013,7.06,00:28:21,14.96,39.75,1753,92:03:00
Boettcher,16.08.2013,137.89,06:35:19,20.92,40.84,1891,98:38:00
Boettcher,19.08.2013,22.48,00:56:23,23.93,38.40,1913,99:35:00
Boettcher,20.08.2013,27.46,01:15:23,21.82,37.06,1941,100:50:00
Boettcher,21.08.2013,22.83,01:00:13,22.75,40.84,1964,101:50:00
Boettcher,22.08.2013,12.86,00:41:15,18.71,32.84,1976,102:32:00
Boettcher,23.08.2013,4.21,00:13:30,19.78,30.94,1981,102:45:00
Boettcher,24.08.2013,11.57,00:42:48,16.14,25.16,1993,103:28:00
Boettcher,26.08.2013,25.71,01:07:52,22.73,37.75,2018,104:35:00
Boettcher,27.08.2013,29.53,01:24:52,20.88,36.34,2048,106:00:00
Boettcher,28.08.2013,23.35,01:00:45,23.07,42.78,2071,107:01:00
Boettcher,29.08.2013,22.63,00:59:23,22.87,39.06,2094,108:00:00
Boettcher,30.08.2013,39.16,02:43:53,14.33,37.06,2133,110:44:00
Boettcher,31.08.2013,16.70,00:40:38,24.66,48.98,2150,111:25:00
Boettcher,01.09.2013,10.43,01:52:26,5.56,36.70,2160,113:17:00
Boettcher,02.09.2013,14.54,00:34:09,25.57,34.99,2175,113:52:00
Boettcher,03.09.2013,26.44,01:11:16,22.27,34.34,2201,115:03:00
Boettcher,04.09.2013,22.53,00:57:15,23.61,39.41,2224,116:00:00
Boettcher,05.09.2013,5.44,00:20:53,15.65,32.84,2229,116:21:00
Boettcher,06.09.2013,22.81,01:06:59,20.44,40.47,2252,117:28:00
Boettcher,07.09.2013,28.94,01:47:58,16.08,29.95,2281,119:16:00
Boettcher,08.09.2013,17.18,00:51:00,20.22,35.65,2298,120:07:00
Boettcher,09.09.2013,24.77,01:09:11,21.48,44.48,2323,121:16:00
Boettcher,10.09.2013,26.08,01:12:08,21.70,35.65,2349,122:28:00
Boettcher,11.09.2013,22.53,00:57:26,23.54,38.40,2371,123:26:00
Boettcher,13.09.2013,54.48,02:23:22,22.80,41.60,2426,125:49:00
Boettcher,14.09.2013,9.79,00:36:41,16.02,29.36,2436,126:26:00
Boettcher,15.09.2013,51.78,02:29:19,20.80,45.57,2487,128:55:00
Boettcher,16.09.2013,22.49,01:00:19,22.38,38.07,2510,129:55:00
Boettcher,17.09.2013,31.63,01:29:19,21.25,37.75,2542,131:25:00
Boettcher,18.09.2013,23.83,01:03:51,22.39,41.60,2565,132:28:00
Boettcher,19.09.2013,11.91,00:33:19,21.46,37.06,2577,132:59:00
Boettcher,20.09.2013,26.37,01:22:16,19.24,41.60,2604,134:24:00
Boettcher,21.09.2013,41.37,01:52:12,22.12,38.73,2645,136:16:00
Boettcher,22.09.2013,13.67,01:02:36,13.11,29.65,2659,137:19:00
Boettcher,23.09.2013,28.19,01:17:43,21.77,47.22,2687,138:37:00
Boettcher,24.09.2013,30.12,01:23:17,21.70,40.84,2717,140:00:00
Boettcher,25.09.2013,24.22,01:07:50,21.43,36.00,2741,141:08:00
Boettcher,26.09.2013,11.97,00:37:43,19.05,32.00,2753,141:45:00
Boettcher,27.09.2013,57.39,04:03:43,14.13,42.78,2811,145:49:00
Boettcher,28.09.2013,27.10,01:43:08,15.76,36.70,2838,147:32:00
Boettcher,29.09.2013,20.88,01:18:54,15.88,36.34,2859,148:51:00
Boettcher,30.09.2013,22.50,00:58:04,23.25,36.70,2881,149:49:00
Boettcher,01.10.2013,26.34,01:09:33,22.73,39.41,2907,150:59:00
Boettcher,02.10.2013,23.82,01:04:03,22.31,38.07,2931,152:03:00
Boettcher,03.10.2013,57.14,03:26:08,16.63,42.38,2988,155:29:00
Boettcher,04.10.2013,57.68,02:40:51,21.52,37.06,3046,158:10:00
Boettcher,05.10.2013,8.03,00:29:10,16.53,35.65,3054,158:39:00
Boettcher,07.10.2013,38.95,01:43:26,22.60,44.92,3093,160:22:00
Boettcher,08.10.2013,26.15,01:09:50,22.47,43.61,3119,161:32:00
Boettcher,09.10.2013,33.48,01:38:52,20.32,40.47,3153,163:11:00
Boettcher,10.10.2013,15.41,00:44:25,20.84,35.65,3168,163:56:00
Boettcher,11.10.2013,8.62,00:24:41,20.98,33.13,3177,164:20:00
Boettcher,13.10.2013,40.99,01:50:04,22.34,41.21,3218,166:10:00
Boettcher,14.10.2013,23.40,01:02:07,22.61,40.84,3241,167:12:00
Boettcher,15.10.2013,26.07,01:08:34,22.81,37.75,3267,168:21:00
Boettcher,16.10.2013,30.97,01:30:26,20.55,42.38,3298,169:51:00
Boettcher,17.10.2013,16.28,00:50:45,19.26,34.03,3315,170:42:00
Boettcher,18.10.2013,14.52,00:42:55,20.30,33.42,3329,171:25:00
Boettcher,19.10.2013,85.71,04:54:23,17.46,43.61,3415,176:19:00
Boettcher,20.10.2013,3.22,00:12:35,16.32,27.22,3418,176:32:00
Boettcher,03.11.2013,34.37,01:28:08,23.40,47.22,3452,178:00:00
Boettcher,04.11.2013,23.99,01:09:37,20.68,40.11,3476,179:09:00
Boettcher,05.11.2013,26.17,01:12:46,21.58,34.99,3502,180:22:00
Boettcher,06.11.2013,22.52,00:59:42,22.64,42.38,3525,181:22:00
Boettcher,07.11.2013,11.77,00:35:36,19.85,30.94,3536,181:57:00
Boettcher,08.11.2013,12.98,00:39:42,19.63,33.42,3549,182:37:00
Boettcher,09.11.2013,13.43,00:51:24,15.69,38.07,3563,183:28:00
Boettcher,10.11.2013,17.13,01:10:15,14.63,27.72,3580,184:39:00
Boettcher,11.11.2013,25.63,01:09:21,22.18,44.48,3606,185:48:00
Boettcher,12.11.2013,28.76,01:20:04,21.56,40.11,3634,187:08:00
Boettcher,13.11.2013,27.92,01:13:49,22.70,39.41,3662,188:22:00
Boettcher,14.11.2013,19.39,01:02:51,18.52,33.72,3682,189:25:00
Boettcher,15.11.2013,17.11,00:49:54,20.59,40.84,3699,190:15:00
Boettcher,16.11.2013,8.18,00:21:29,22.89,34.66,3707,190:36:00
Boettcher,17.11.2013,32.95,01:38:31,20.07,36.70,3740,192:15:00
Boettcher,18.11.2013,23.27,01:02:14,22.44,43.20,3763,193:17:00
Boettcher,19.11.2013,26.09,01:11:37,21.86,38.40,3789,194:29:00
Boettcher,20.11.2013,25.48,01:08:41,22.26,39.41,3815,195:37:00
Boettcher,21.11.2013,14.04,00:39:15,21.48,35.65,3829,196:16:00
Boettcher,22.11.2013,19.84,01:04:37,18.43,36.34,3849,197:21:00
Boettcher,24.11.2013,31.96,01:28:25,21.69,41.98,3881,198:49:00
Boettcher,25.11.2013,26.24,01:07:40,23.27,41.98,3907,199:57:00
Boettcher,26.11.2013,28.59,01:18:48,21.77,38.07,3935,201:16:00
Boettcher,27.11.2013,23.38,01:03:15,22.18,40.11,3959,202:19:00
Boettcher,28.11.2013,11.51,00:33:05,20.89,38.73,3970,202:52:00
Boettcher,29.11.2013,10.66,00:31:51,20.11,30.68,3981,203:24:00
Boettcher,30.11.2013,31.36,01:24:04,22.39,43.61,4012,204:48:00
Boettcher,02.12.2013,23.43,01:00:43,23.29,39.41,4036,205:49:00
Boettcher,03.12.2013,32.28,01:29:48,21.57,39.06,4068,207:18:00
Boettcher,04.12.2013,25.92,01:09:47,22.29,39.06,4094,208:28:00
Boettcher,05.12.2013,10.91,00:32:06,20.40,35.32,4105,208:59:00
Boettcher,06.12.2013,10.98,00:32:58,20.00,34.03,4116,209:32:00
Boettcher,08.12.2013,6.10,00:22:41,16.14,29.65,4122,209:55:00
Boettcher,09.12.2013,25.17,01:08:22,22.10,46.80,4147,211:03:00
Boettcher,10.12.2013,22.03,00:59:28,22.23,38.40,4167,212:04:00
Boettcher,11.12.2013,23.12,00:58:42,23.64,40.11,4192,213:02:00
Boettcher,12.12.2013,12.11,00:34:11,21.26,33.42,4204,213:37:00
Boettcher,13.12.2013,11.70,00:34:12,20.53,39.75,4216,214:11:00
Boettcher,14.12.2013,7.20,00:28:15,15.30,33.72,4223,214:39:00
Boettcher,15.12.2013,12.65,00:49:41,15.28,26.98,4236,215:29:00
Boettcher,16.12.2013,24.48,01:05:01,22.60,39.06,4260,216:34:00
Boettcher,17.12.2013,29.21,01:23:08,21.08,37.44,4290,217:57:00
Boettcher,18.12.2013,25.36,01:22:30,18.44,46.80,4315,219:19:00
Boettcher,19.12.2013,14.04,00:39:26,21.37,35.32,4329,219:59:00
Boettcher,20.12.2013,17.38,00:49:32,21.07,33.72,4346,220:48:00
Boettcher,22.12.2013,5.64,00:22:06,15.34,29.36,4352,221:10:00
Boettcher,23.12.2013,2.09,00:08:28,16.53,41.21,4354,221:19:00
Boettcher,24.12.2013,21.55,01:56:25,11.10,43.20,4376,223:15:00
Boettcher,25.12.2013,47.32,02:04:15,22.85,38.40,4423,225:20:00
Boettcher,28.12.2013,6.59,00:25:05,15.78,37.06,4430,225:45:00
Boettcher,29.12.2013,10.83,00:28:26,22.87,36.00,4441,226:13:00
Boettcher,30.12.2013,1.89,00:07:19,17.04,28.25,4442,226:20:00
Boettcher,31.12.2013,20.04,00:54:50,21.93,39.41,4462,227:15:00
Boettcher,02.01.2014,10.87,00:31:33,20.70,44.48,4473,227:47:00
Boettcher,03.01.2014,18.04,00:50:09,21.59,34.34,4491,228:37:00
Boettcher,04.01.2014,6.11,00:21:02,17.46,35.65,4498,228:58:00
Boettcher,05.01.2014,22.33,00:58:50,22.78,39.75,4520,229:57:00
Boettcher,06.01.2014,25.29,01:07:53,22.36,39.41,4545,231:05:00
Boettcher,07.01.2014,25.08,01:05:50,22.86,42.38,4570,232:11:00
Boettcher,08.01.2014,23.15,01:00:38,22.91,36.00,4593,233:11:00
Boettcher,09.01.2014,9.37,00:26:46,21.03,32.27,4603,233:38:00
Boettcher,10.01.2014,14.70,00:41:51,21.09,38.40,4617,234:20:00
Boettcher,11.01.2014,9.93,00:33:00,18.06,34.66,4627,234:53:00
Boettcher,12.01.2014,6.19,00:20:44,17.93,29.07,4634,235:14:00
Boettcher,13.01.2014,23.01,01:00:20,22.88,36.70,4657,236:14:00
Boettcher,14.01.2014,29.32,01:16:33,22.98,39.75,4686,237:30:00
Boettcher,15.01.2014,23.22,01:02:36,22.26,35.32,4709,238:33:00
Boettcher,16.01.2014,8.03,00:29:44,16.21,34.34,4717,239:03:00
Boettcher,17.01.2014,12.13,00:32:31,22.41,34.03,4729,239:34:00
Boettcher,18.01.2014,46.60,02:19:52,19.99,39.06,4776,241:55:00
Boettcher,19.01.2014,16.16,01:00:54,15.93,31.20,4792,242:56:00
Boettcher,20.01.2014,25.23,01:06:25,22.79,36.00,4817,244:02:00
Boettcher,21.01.2014,25.07,01:05:33,22.95,37.06,4842,245:08:00
# neue Kette & Bremsbeläge hinten
Boettcher,22.01.2014,23.54,01:07:07,21.05,40.11,4866,246:15:00
Boettcher,23.01.2014,9.83,00:31:47,18.57,29.65,4876,246:47:00
# Flicken hinten
Boettcher,24.01.2014,11.62,00:36:03,19.35,33.42,4887,247:23:00
Boettcher,25.01.2014,2.74,00:08:09,21.48,28.25,4890,247:30:00
Boettcher,26.01.2014,8.66,00:29:58,17.35,35.32,4899,248:01:00
Boettcher,27.01.2014,25.65,01:15:50,20.30,42.38,4924,249:17:00
# Neuer Schlauch hinten
Boettcher,28.01.2014,27.41,01:20:39,20.40,34.34,4952,250:38:00
Boettcher,29.01.2014,23.09,01:04:57,21.34,35.65,4975,251:42:00
Boettcher,30.01.2014,10.70,00:31:42,20.27,32.00,4986,252:14:00
Boettcher,31.01.2014,15.03,00:43:23,20.80,36.00,5001,252:58:00
Boettcher,01.02.2014,2.74,00:08:09,21.64,29.95,5003,253:06:00
Boettcher,02.02.2014,39.05,02:04:19,18.85,35.65,5043,255:10:00
Boettcher,03.02.2014,23.18,01:04:30,21.56,37.44,5066,256:15:00
Boettcher,04.02.2014,26.60,01:14:07,21.53,38.07,5092,257:29:00
Boettcher,05.02.2014,23.25,01:02:48,22.22,36.70,5116,258:31:00
Boettcher,06.02.2014,2.83,00:08:14,21.91,37.06,5118,258:40:00
Boettcher,07.02.2014,2.73,00:07:02,24.39,32.55,5121,258:47:00
Boettcher,10.02.2014,25.63,01:09:01,22.28,36.34,5147,259:56:00
Boettcher,11.02.2014,24.77,01:06:28,22.37,38.40,5172,261:02:00
Boettcher,12.02.2014,23.23,01:02:20,22.37,36.34,5195,262:05:00
Boettcher,13.02.2014,3.13,00:10:30,19.21,30.94,5198,262:15:00
Boettcher,14.02.2014,17.79,00:46:59,22.73,34.66,5216,263:02:00
Boettcher,15.02.2014,18.86,01:16:26,14.81,30.19,5235,264:18:00
Boettcher,16.02.2014,12.85,00:34:31,22.35,37.06,5247,264:53:00
Boettcher,17.02.2014,25.28,01:04:18,23.59,37.75,5273,265:57:00
Boettcher,18.02.2014,25.62,01:09:08,22.24,35.65,5298,267:06:00
Boettcher,19.02.2014,22.52,00:59:57,22.54,42.78,5321,268:06:00
Boettcher,20.02.2014,14.63,00:42:32,20.65,32.55,5336,268:49:00
Boettcher,21.02.2014,2.64,00:07:46,21.95,37.75,5338,268:57:00
Boettcher,05.03.2014,1.77,00:05:52,19.49,35.65,5340,269:03:00
Boettcher,06.03.2014,14.15,01:02:24,15.31,35.65,5354,269:59:00
Boettcher,07.03.2014,18.73,00:51:22,21.89,36.00,5373,270:50:00
Boettcher,08.03.2014,80.06,04:02:19,19.82,41.60,5453,274:53:00
Boettcher,09.03.2014,20.24,01:10:49,17.15,34.34,5473,276:04:00
Boettcher,10.03.2014,25.20,01:08:04,22.22,35.65,5498,277:12:00
Boettcher,11.03.2014,25.92,01:11:41,21.70,32.84,5524,278:23:00
Boettcher,12.03.2014,23.23,01:02:24,22.34,36.34,5547,279:26:00
Boettcher,13.03.2014,24.73,01:06:28,22.34,37.44,5572,280:32:00
Boettcher,17.03.2014,23.15,01:04:39,21.49,39.75,5595,281:37:00
Boettcher,18.03.2014,24.20,01:03:57,22.71,37.44,5620,282:41:00
Boettcher,19.03.2014,27.57,01:16:40,21.57,37.06,5647,283:57:00
Boettcher,20.03.2014,1.35,00:04:56,17.54,27.47,5649,284:02:00
Boettcher,21.03.2014,13.58,00:37:16,21.88,34.99,5662,284:40:00
Boettcher,22.03.2014,14.53,00:40:55,21.31,33.13,5677,285:21:00
Boettcher,23.03.2014,22.64,01:10:53,19.17,35.65,5699,286:31:00
Boettcher,24.03.2014,25.49,01:06:56,22.86,36.00,5725,287:38:00
Boettcher,25.03.2014,25.36,01:05:47,23.14,40.84,5750,288:44:00
Boettcher,26.03.2014,22.46,00:57:39,23.38,37.06,5773,289:42:00
Boettcher,27.03.2014,11.29,00:32:36,20.79,34.03,5784,290:14:00
Boettcher,28.03.2014,1.53,00:08:28,11.76,26.98,5785,290:23:00
Boettcher,29.03.2014,4.51,00:16:19,17.42,33.72,5790,290:39:00
Boettcher,30.03.2014,19.93,01:05:20,18.30,47.22,5810,291:45:00
# Schaltauge gebrochen - neues Schaltwerk hinten & neue Kette
Boettcher,03.04.2014,8.04,00:23:39,20.44,36.00,5818,292:08:00
Boettcher,04.04.2014,14.94,00:42:18,21.20,36.00,5833,292:50:00
Boettcher,05.04.2014,13.38,00:46:34,17.26,27.73,5846,293:37:00
Boettcher,07.04.2014,22.89,00:58:48,23.36,39.75,5869,294:36:00
Boettcher,08.04.2014,25.79,01:09:21,22.32,50.89,5895,295:45:00
Boettcher,09.04.2014,23.06,01:02:37,22.10,40.84,5918,296:48:00
Boettcher,10.04.2014,10.97,00:33:41,19.55,33.72,5929,297:21:00
Boettcher,11.04.2014,6.01,00:19:09,18.87,32.27,5935,297:41:00
Boettcher,13.04.2014,5.94,00:24:59,14.29,29.07,5941,298:06:00
Boettcher,14.04.2014,25.14,01:07:30,22.35,41.60,5966,299:13:00
Boettcher,15.04.2014,25.31,01:06:28,22.86,37.75,5991,300:20:00
Boettcher,16.04.2014,27.47,01:14:32,22.11,36.70,6019,301:34:00
Boettcher,17.04.2014,24.99,01:04:52,23.12,37.44,6044,302:39:00
Boettcher,18.04.2014,31.07,01:52:57,16.50,28.52,6075,304:32:00
Boettcher,19.04.2014,3.99,00:26:07,9.19,29.95,6079,304:58:00
Boettcher,20.04.2014,21.18,01:16:22,16.65,32.55,6100,306:14:00
Boettcher,21.04.2014,5.09,00:18:33,16.49,25.82,6105,306:33:00
Boettcher,22.04.2014,28.53,01:17:30,22.09,38.40,6134,307:50:00
Boettcher,23.04.2014,23.69,01:03:23,22.43,37.44,6157,308:54:00
Boettcher,24.04.2014,23.61,01:01:29,23.05,36.00,6181,309:55:00
Boettcher,25.04.2014,52.91,03:55:01,13.50,39.06,6234,313:50:00
Boettcher,26.04.2014,25.18,01:26:53,17.39,33.72,6259,315:17:00
Boettcher,27.04.2014,6.17,00:20:02,18.49,34.99,6265,315:37:00
Boettcher,28.04.2014,23.08,00:57:48,23.96,37.44,6288,316:35:00
Boettcher,29.04.2014,25.74,01:05:04,23.74,41.21,6314,317:40:00
Boettcher,30.04.2014,4.81,00:14:03,21.02,35.32,6319,317:54:00
Boettcher,01.05.2014,7.54,00:29:07,15.54,28.52,6327,318:23:00
Boettcher,02.05.2014,21.71,01:04:24,20.23,38.07,6348,319:28:00
Boettcher,03.05.2014,8.39,00:28:06,17.93,38.40,6357,319:56:00
Boettcher,04.05.2014,17.07,00:58:19,17.57,28.52,6374,320:54:00
Boettcher,05.05.2014,22.01,00:55:31,23.79,38.73,6396,321:50:00
Boettcher,06.05.2014,25.77,01:06:59,23.10,38.73,6422,322:57:00
Boettcher,07.05.2014,23.04,01:00:14,22.96,37.44,6445,323:57:00
Boettcher,08.05.2014,9.97,00:27:28,21.80,33.42,6455,324:24:00
Boettcher,09.05.2014,13.24,00:34:32,23.02,35.65,6468,324:59:00
Boettcher,12.05.2014,25.98,01:04:18,24.25,41.21,6494,326:03:00
Boettcher,13.05.2014,24.85,01:00:59,24.45,37.44,6519,327:04:00
Boettcher,14.05.2014,23.12,00:56:07,24.73,43.61,6542,328:00:00
Boettcher,15.05.2014,12.79,00:33:46,22.75,36.34,6555,328:34:00
Boettcher,16.05.2014,11.84,00:31:50,22.34,37.44,6566,329:06:00
# neue Mäntel & neue Bremsbeläge hinten & geputzt
Boettcher,17.05.2014,7.73,00:25:35,18.16,36.80,6574,329:31:00
Boettcher,18.05.2014,28.64,01:32:45,18.53,41.30,6603,331:04:00
Boettcher,19.05.2014,25.77,01:07:12,23.02,41.30,6629,332:11:00
Boettcher,20.05.2014,26.03,01:12:06,21.67,36.44,6655,333:23:00
Boettcher,21.05.2014,23.91,01:02:59,22.79,37.80,6679,334:26:00
Boettcher,22.05.2014,8.96,00:28:17,19.04,39.12,6688,334:55:00
Boettcher,23.05.2014,11.82,00:32:50,21.62,36.44,6699,335:28:00
Boettcher,24.05.2014,56.68,03:03:24,18.54,36.44,6757,338:34:00
Boettcher,25.05.2014,12.44,00:48:40,15.35,28.59,6769,339:23:00
Boettcher,26.05.2014,28.40,01:16:47,22.19,41.68,6798,340:39:00
Boettcher,27.05.2014,25.65,01:08:44,22.40,39.47,6823,341:48:00
Boettcher,28.05.2014,25.86,01:07:18,23.06,38.78,6849,342:55:00
Boettcher,30.05.2014,52.87,03:52:10,13.66,41.68,6902,346:48:00
Boettcher,31.05.2014,6.81,00:30:44,13.30,28.05,6909,347:18:00
Boettcher,02.06.2014,23.95,00:58:58,24.36,46.05,6933,348:17:00
Boettcher,03.06.2014,22.35,00:56:41,23.68,35.06,6955,349:14:00
Boettcher,10.06.2014,14.26,00:44:15,19.34,39.47,6969,349:58:00
Boettcher,11.06.2014,00.74,00:03:11,15.19,22.69,6970,350:01:00
Boettcher,12.06.2014,14.30,00:41:24,20.74,37.17,6984,350:43:00
# --- --- --- ---
Boettcher,13.06.2014,54.56,02:59:43,18.21,42.07,7039,353:43:00
Boettcher,14.06.2014,114.86,06:06:30,18.80,54.06,7154,359:49:00
Boettcher,15.06.2014,122.16,06:11:23,19.73,47.30,7276,366:00:00
Boettcher,16.06.2014,107.28,05:35:26,19.19,47.74,7383,371:36:00
Boettcher,17.06.2014,117.44,06:11:05,18.99,42.88,7501,377:47:00
Boettcher,18.06.2014,151.22,07:50:55,19.26,49.56,7652,385:38:00
Boettcher,19.06.2014,24.32,01:15:17,19.38,41.68,7676,386:53:00
Boettcher,20.06.2014,9.78,00:27:22,21.45,35.40,7686,387:21:00
Boettcher,22.06.2014,23.51,01:11:20,19.77,41.68,7710,388:32:00
Boettcher,23.06.2014,76.97,03:56:16,19.54,54.06,7787,392:28:00
Boettcher,24.06.2014,124.69,06:07:03,20.38,47.30,7911,398:35:00
Boettcher,25.06.2014,114.68,05:20:24,21.47,52.63,8026,403:56:00
Boettcher,26.06.2014,116.90,05:19:17,21.96,48.18,8143,409:15:00
Boettcher,27.06.2014,111.29,05:15:49,21.14,54.06,8254,414:31:00
Boettcher,28.06.2014,56.71,02:41:12,21.11,49.09,8311,417:12:00
Boettcher,29.06.2014,106.14,04:40:25,22.71,45.25,8417,421:52:00
# Helsingborg-Stockholm-Göteborg 8417 - 6984 = 1433
# --- --- --- ---
Boettcher,30.06.2014,22.27,00:54:53,24.35,40.54,8439,422:47:00
# neue Bremsbeläge
Boettcher,01.07.2014,25.80,01:07:48,22.84,36.08,8465,423:55:00
Boettcher,02.07.2014,22.86,00:57:43,23.77,38.78,8488,424:53:00
Boettcher,03.07.2014,2.72,00:07:22,23.27,39.47,8491,425:00:00
Boettcher,04.07.2014,38.99,01:46:02,22.06,42.48,8530,426:46:00
Boettcher,05.07.2014,42.66,01:56:25,21.99,34.41,8572,428:43:00
Boettcher,06.07.2014,14.81,00:52:21,16.98,42.88,8587,429:35:00
Boettcher,07.07.2014,25.81,01:09:42,22.23,44.60,8613,430:45:00
Boettcher,08.07.2014,25.30,01:07:52,22.37,44.60,8638,431:52:00
Boettcher,09.07.2014,22.93,00:58:13,23.64,38.78,8661,432:51:00
Boettcher,10.07.2014,21.01,01:07:51,18.59,40.92,8682,433:58:00
Boettcher,11.07.2014,3.16,00:11:33,17.31,32.32,8685,434:10:00
Boettcher,12.07.2014,51.53,02:13:59,23.07,47.30,8737,436:24:00
Boettcher,13.07.2014,13.30,00:42:30,18.78,32.60,8750,437:07:00
Boettcher,14.07.2014,23.07,01:00:52,22.74,41.68,8773,438:07:00
Boettcher,15.07.2014,25.95,01:10:14,22.17,34.41,8799,439:18:00
Boettcher,16.07.2014,22.30,00:57:32,23.26,39.12,8822,440:15:00
Boettcher,17.07.2014,8.08,00:24:02,20.21,39.12,8830,440:39:00
Boettcher,18.07.2014,25.24,01:21:55,18.48,33.18,8855,442:01:00
Boettcher,19.07.2014,33.75,01:43:44,19.53,52.63,8889,443:45:00
Boettcher,20.07.2014,3.97,00:16:54,14.93,25.85,8893,444:02:00
Boettcher,21.07.2014,25.17,01:04:02,23.59,38.12,8918,445:06:00
Boettcher,22.07.2014,24.92,01:03:11,23.68,39.82,8943,446:09:00
Boettcher,23.07.2014,28.79,01:18:15,22.07,39.82,8971,447:27:00
Boettcher,24.07.2014,12.06,00:35:36,20.34,32.89,8984,448:03:00
Boettcher,25.07.2014,52.08,03:33:43,14.62,36.80,9036,451:37:00
Boettcher,26.07.2014,26.60,01:26:34,18.44,34.73,9062,453:03:00
Boettcher,27.07.2014,51.73,02:45:41,18.73,30.46,9114,455:49:00
Boettcher,28.07.2014,39.25,02:00:57,19.47,43.72,9153,457:50:00
Boettcher,29.07.2014,28.54,01:16:39,22.34,36.08,9182,459:06:00
Boettcher,30.07.2014,20.77,00:56:01,22.25,36.80,9203,460:02:00
Boettcher,31.07.2014,33.07,02:02:25,16.21,38.45,9236,462:05:00
Boettcher,01.08.2014,14.42,00:43:32,19.89,35.06,9250,462:48:00
Boettcher,09.08.2014,0.51,00:02:43,12.79,23.23,9251,462:51:00
Boettcher,10.08.2014,11.58,00:33:40,20.66,34.73,9262,463:25:00
Boettcher,11.08.2014,22.27,00:55:22,24.14,43.30,9284,464:20:00
Boettcher,12.08.2014,26.05,01:08:44,22.74,37.80,9310,465:29:00
Boettcher,13.08.2014,20.62,00:55:55,22.13,37.17,9331,466:25:00
Boettcher,14.08.2014,16.30,00:45:45,20.10,35.40,9347,467:10:00 # Tageskilometer & Zeit nicht 100%ig korrekt
Boettcher,15.08.2014,10.90,00:33:09,19.73,36.08,9358,467:45:00
# Kettenwechsel
Boettcher,16.08.2014,5.41,00:16:58,20.20,34.73,9363,468:02:00
Boettcher,17.08.2014,10.14,00:26:46,22.74,33.79,9373,468:29:00
Boettcher,18.08.2014,22.30,00:55:23,24.17,39.12,9396,469:24:00
Boettcher,19.08.2014,25.57,01:05:31,23.42,36.08,9421,470:29:00
Boettcher,20.08.2014,13.66,00:36:36,22.40,34.41,9435,471:06:00
Boettcher,21.08.2014,21.72,01:00:49,21.44,37.17,9457,472:07:00
Boettcher,23.08.2014,2.73,00:12:05,14.44,31.23,9459,472:19:00
Boettcher,24.08.2014,1.41,00:05:48,15.24,22.35,9461,472:25:00
Boettcher,25.08.2014,22.48,00:57:09,23.60,36.44,9483,473:22:00
Boettcher,26.08.2014,25.77,01:05:37,23.57,37.80,9509,474:28:00
Boettcher,27.08.2014,15.56,00:39:49,23.46,42.07,9525,475:07:00
Boettcher,28.08.2014,16.66,00:44:30,22.47,38.45,9541,475:52:00
Boettcher,29.08.2014,26.87,01:14:57,15.81,43.72,9568,477:34:00
Boettcher,30.08.2014,6.18,00:21:13,17.49,28.86,9574,477:55:00
Boettcher,31.08.2014,9.55,00:32:43,17.57,35.06,9584,478:28:00
Boettcher,01.09.2014,22.15,00:55:01,24.16,39.82,9606,479:23:00
Boettcher,02.09.2014,27.80,01:10:04,23.81,36.80,9634,480:33:00
Boettcher,03.09.2014,17.44,00:48:00,21.81,39.47,9651,481:21:00
Boettcher,04.09.2014,16.14,00:45:21,21.32,36.80,9668,482:06:00
Boettcher,05.09.2014,53.53,02:21:09,22.75,42.88,9721,484:27:00
Boettcher,06.09.2014,71.53,04:08:20,17.28,56.64,9793,488:36:00
Boettcher,07.09.2014,12.32,00:38:42,19.11,34.41,9805,489:14:00
Boettcher,08.09.2014,23.00,01:01:58,22.28,44.86,9828,490:16:00
Boettcher,09.09.2014,25.71,01:06:55,23.05,38.12,9854,491:23:00
Boettcher,10.09.2014,21.85,00:58:51,22.29,38.12,9876,492:22:00
Boettcher,11.09.2014,27.97,01:17:32,21.65,37.80,9904,493:40:00
Boettcher,12.09.2014,9.18,00:27:35,20.00,35.74,9913,494:07:00
Boettcher,13.09.2014,8.02,00:20:22,23.63,32.04,9921,494:28:00
Boettcher,14.09.2014,11.47,00:34:20,20.07,33.48,9932,495:02:00
Boettcher,15.09.2014,23.23,01:01:13,22.78,37.80,9955,496:03:00
Boettcher,16.09.2014,29.46,01:20:15,22.03,42.07,9985,497:23:00
Boettcher,17.09.2014,15.80,00:42:02,22.57,38.12,10001,498:05:00
Boettcher,22.09.2014,23.21,01:00:11,23.14,40.18,10024,499:06:00
Boettcher,23.09.2014,25.58,01:05:38,23.40,37.48,10049,500:11:00
Boettcher,24.09.2014,16.16,00:40:58,23.68,35.40,10066,500:52:00
Boettcher,25.09.2014,16.21,00:42:45,22.76,35.40,10082,501:35:00
Boettcher,26.09.2014,2.86,00:07:56,22.55,32.04,10085,501:43:00
Boettcher,27.09.2014,3.35,00:10:14,20.04,30.46,10088,501:53:00
Boettcher,28.09.2014,5.78,00:17:08,21.18,37.80,10094,502:10:00
Boettcher,29.09.2014,25.27,01:04:34,23.50,42.88,10119,503:15:00
Boettcher,30.09.2014,24.41,01:01:14,23.92,40.18,10144,504:16:00
Boettcher,01.10.2014,16.16,00:40:34,23.91,37.80,10160,504:57:00
Boettcher,02.10.2014,17.01,00:47:32,21.47,38.45,10177,505:44:00
Boettcher,03.10.2014,16.63,00:48:58,20.39,35.06,10193,506:33:00
Boettcher,04.10.2014,25.68,01:17:08,19.98,40.18,10219,507:50:00
Boettcher,05.10.2014,7.26,00:23:33,18.51,32.89,10226,508:14:00
Boettcher,06.10.2014,22.96,00:59:10,23.28,38.78,10249,509:13:00
Boettcher,07.10.2014,27.18,01:12:06,22.62,38.78,10276,510:25:00
Boettcher,08.10.2014,17.35,00:46:08,22.57,35.06,10294,511:11:00
Boettcher,09.10.2014,13.93,00:36:53,22.66,36.44,10308,511:48:00
Boettcher,10.10.2014,14.24,00:39:35,21.60,35.06,10322,512:28:00
Boettcher,11.10.2014,20.82,00:56:34,22.08,41.30,10343,513:24:00
Boettcher,12.10.2014,10.48,00:26:23,23.85,37.48,10353,513:51:00
Boettcher,13.10.2014,21.95,00:59:31,22.14,40.92,10375,514:50:00
Boettcher,14.10.2014,28.27,01:12:32,23.39,39.47,10404,516:03:00
Boettcher,15.10.2014,16.23,00:42:39,22.84,35.40,10420,516:45:00
Boettcher,16.10.2014,15.57,00:38:42,24.15,40.18,10435,517:24:00
Boettcher,18.10.2014,5.06,00:20:47,14.65,30.97,10440,517:45:00
Boettcher,19.10.2014,11.28,00:35:42,18.97,30.71,10452,518:21:00
Boettcher,20.10.2014,25.12,01:03:22,23.79,42.07,10477,519:24:00
Boettcher,21.10.2014,24.61,01:02:50,23.51,38.12,10501,520:27:00
Boettcher,22.10.2014,17.42,00:45:08,23.17,44.60,10519,521:12:00
Boettcher,23.10.2014,13.82,00:34:56,23.76,36.44,10533,521:47:00
Boettcher,24.10.2014,2.88,00:08:25,21.48,32.32,10536,521:55:00
Boettcher,26.10.2014,6.76,00:22:03,18.42,27.28,10542,522:17:00
Boettcher,27.10.2014,22.25,00:56:37,23.59,37.48,10565,523:14:00
Boettcher,28.10.2014,25.64,01:04:33,23.83,40.92,10590,524:18:00
# Bremsbeläge hinten
Boettcher,29.10.2014,16.12,00:43:38,22.17,37.80,10606,525:02:00
Boettcher,30.10.2014,15.00,00:38:59,23.10,42.07,10621,525:41:00
Boettcher,31.10.2014,49.90,03:15:46,15.29,38.12,10671,528:57:00
Boettcher,01.11.2014,30.31,01:32:47,19.60,36.08,10702,530:30:00
Boettcher,02.11.2014,9.72,00:26:40,21.90,34.73,10711,530:56:00
Boettcher,03.11.2014,22.09,01:01:35,21.53,36.80,10733,531:58:00
Boettcher,04.11.2014,28.32,01:14:04,22.94,36.08,10762,533:12:00
Boettcher,05.11.2014,3.58,00:10:47,20.52,31.76,10765,533:23:00
Boettcher,06.11.2014,15.52,00:39:41,23.47,36.08,10781,534:02:00
Boettcher,07.11.2014,12.51,00:34:23,21.85,36.08,10793,534:37:00
# Kettenwechsel & Hinterrad zentriert
Boettcher,08.11.2014,26.91,01:22:19,19.62,38.12,10820,535:59:00
Boettcher,19.11.2014,22.12,00:55:14,24.03,42.07,10842,536:54:00
Boettcher,20.11.2014,16.76,00:42:02,23.95,37.17,10859,537:36:00
Boettcher,21.11.2014,18.02,00:43:13,25.03,48.63,10877,538:20:00
Boettcher,23.11.2014,8.38,00:30:52,16.31,30.21,10886,538:50:00
Boettcher,24.11.2014,24.95,01:07:59,22.03,38.45,10911,539:58:00
Boettcher,25.11.2014,24.91,01:09:00,21.66,34.10,10935,541:07:00
Boettcher,26.11.2014,16.70,00:44:41,22.44,35.40,10952,541:52:00
Boettcher,27.11.2014,2.83,00:07:34,23.17,31.50,10955,542:00:00
Boettcher,28.11.2014,15.16,00:41:21,22.00,36.44,10970,542:41:00
Boettcher,01.12.2014,22.29,00:58:12,22.98,40.18,10992,543:39:00
Boettcher,02.12.2014,25.59,01:06:23,23.13,33.79,11018,544:46:00
Boettcher,03.12.2014,18.36,00:48:26,22.75,36.08,11036,545:34:00
Boettcher,04.12.2014,13.83,00:37:42,22.03,38.45,11050,546:12:00
Boettcher,05.12.2014,12.09,00:37:53,19.16,33.79,11062,546:50:00
# neue Pedale & alt rechts Lager kaputt
Boettcher,08.12.2014,25.28,01:10:13,21.61,38.12,11088,548:00:00
Boettcher,09.12.2014,24.72,01:04:42,22.93,39.12,11112,549:05:00
Boettcher,10.12.2014,19.05,01:00:07,19.01,34.41,11131,550:05:00
Boettcher,14.12.2014,11.29,00:34:11,19.84,37.48,11143,550:39:00
Boettcher,15.12.2014,22.99,00:58:51,23.44,40.92,11166,551:38:00
Boettcher,16.12.2014,25.76,01:07:51,22.78,34.10,11191,552:46:00
Boettcher,17.12.2014,15.04,00:41:19,21.86,32.89,11206,553:27:00
Boettcher,18.12.2014,21.91,01:00:35,21.70,35.74,11228,554:27:00
# Neues Tretlager & neue Bremsbeläge v/h
Boettcher,04.01.2015,16.13,00:59:52,16.17,34.41,11245,555:27:00
Boettcher,05.01.2015,16.66,00:43:25,23.04,36.44,11261,556:11:00
Boettcher,06.01.2015,27.00,01:14:35,21.74,37.17,11288,557:25:00
Boettcher,07.01.2015,16.80,00:46:37,21.63,36.44,11305,558:12:00
Boettcher,08.01.2015,16.41,00:45:54,21.45,32.32,11321,558:58:00
Boettcher,12.01.2015,15.90,00:44:26,21.48,37.17,11337,559:42:00
Boettcher,13.01.2015,26.72,01:12:09,22.23,42.89,11364,560:54:00
Boettcher,14.01.2015,15.85,00:43:38,21.81,36.80,11380,561:38:00
Boettcher,15.01.2015,2.82,00:07:52,22.27,36.08,11383,561:46:00
Boettcher,16.01.2015,23.59,01:11:44,19.73,34.10,11406,562:58:00
Boettcher,17.01.2015,10.92,00:28:30,23.00,37.17,11417,563:26:00
Boettcher,18.01.2015,20.65,00:57:36,21.51,36.80,11438,564:24:00
Boettcher,19.01.2015,15.87,00:42:30,22.41,36.44,11454,565:06:00
Boettcher,20.01.2015,25.03,01:06:29,22.59,41.30,11479,566:13:00
Boettcher,21.01.2015,15.84,00:42:46,22.24,36.80,11495,566:55:00
Boettcher,22.01.2015,2.86,00:07:40,22.85,35.06,11498,567:03:00
Boettcher,23.01.2015,16.34,00:51:29,19.05,38.78,11514,567:55:00
Boettcher,24.01.2015,10.65,00:42:30,15.05,25.41,11525,568:37:00
Boettcher,25.01.2015,7.46,00:27:31,16.29,30.21,11532,569:05:00
# Kettenwechsel & neuer Schlauch hinten (2 Löcher)
Boettcher,26.01.2015,16.68,00:47:22,21.14,34.10,11549,569:52:00
Boettcher,27.01.2015,16.02,00:44:54,21.40,34.41,11565,570:37:00
# Loch vorne
Boettcher,28.01.2015,14.05,00:38:40,21.82,35.06,11579,571:16:00
# Neuer Schlauch vorne (Loch) & Neue Bremsbeläge hinten
Boettcher,29.01.2015,19.46,00:55:53, 20.90,39.82,11598,572:11:00
# Kette gedreht
Boettcher,30.01.2015,15.96,00:42:04,22.77,36.80,11614,572:54:00
Boettcher,31.01.2015,5.35,00:20:53,15.39,28.59,11620,573:14:00
Boettcher,01.02.2015,6.65,00:24:56,16.03,25.41,11626,573:39:00
Boettcher,02.02.2015,16.55,00:46:04,21.56,31.50,11643,574:25:00
Boettcher,03.02.2015,25.90,01:10:21,22.10,39.47,11669,575:36:00
Boettcher,04.02.2015,16.13,00:44:54,21.56,34.41,11685,576:21:00
Boettcher,05.02.2015,14.04,00:39:17,21.44,39.47,11699,577:00:00
Boettcher,06.02.2015,3.43,00:10:55,19.70,29.15,11702,577:11:00
Boettcher,09.02.2015,19.22,00:54:36,21.13,36.44,11721,578:05:00
Boettcher,10.02.2015,25.40,01:08:35,22.23,38.45,11747,579:14:00
Boettcher,11.02.2015,20.55,00:58:47,20.98,30.71,11767,580:13:00
Boettcher,12.02.2015,19.67,00:56:07,21.04,34.10,11787,581:09:00
Boettcher,14.02.2015,7.85,00:24:54,18.94,34.73,11795,581:34:00
Boettcher,15.02.2015,6.11,00:21:15,17.29,31.23,11801,581:55:00
Boettcher,16.02.2015,15.87,00:45:07,21.12,33.48,11817,582:40:00
Boettcher,17.02.2015,16.82,00:47:05,21.44,36.08,11834,583:27:00
Boettcher,18.02.2015,10.98,00:31:00,21.26,35.06,11845,583:58:00
Boettcher,19.02.2015,14.07,00:39:13,21.54,34.73,11859,584:37:00
Boettcher,20.02.2015,16.59,00:47:48,20.83,33.79,11875,585:25:00
Boettcher,22.02.2015,22.12,01:08:48,19.29,34.10,11898,586:34:00
Boettcher,23.02.2015,16.48,00:44:14,22.37,34.41,11914,587:18:00
Boettcher,24.02.2015,25.09,01:08:07,22.11,38.45,11939,588:26:00
Boettcher,25.02.2015,17.59,00:48:32,21.75,35.74,11957,589:15:00
Boettcher,26.02.2015,14.30,00:40:20,21.28,39.47,11971,589:55:00
Boettcher,27.02.2015,14.53,00:40:27,21.57,38.45,11986,590:36:00
Boettcher,28.02.2015,7.90,00:22:23,21.19,30.71,11993,590:58:00
Boettcher,01.03.2015,6.73,00:22:06,18.29,28.32,12000,591:20:00
Boettcher,02.03.2015,16.59,00:48:28,20.54,33.48,12017,592:09:00
# Platten hinten & neue Reifen v/h
Boettcher,03.03.2015,25.17,01:10:39,21.38,34.73,12042,593:19:00
# Headset?
Boettcher,04.03.2015,6.95,00:20:40,20.19,34.41,12049,593:40:00
Boettcher,05.03.2015,14.16,00:38:48,21.92,37.80,12063,594:19:00
Boettcher,06.03.2015,18.89,00:51:06,22.20,36.80,12082,595:10:00
Boettcher,08.03.2015,43.57,02:02:38,21.31,40.54,12126,597:13:00
Boettcher,09.03.2015,15.97,00:40:37,23.60,37.80,12142,597:53:00
Boettcher,10.03.2015,25.75,01:08:15,22.65,37.48,12167,599:01:00
Boettcher,11.03.2015,11.78,00:35:07,20.14,33.79,12179,599:37:00
Boettcher,12.03.2015,17.73,00:49:42,21.41,41.30,12197,600:26:00
Boettcher,13.03.2015,15.97,00:42:24,22.61,39.47,12213,601:09:00
Boettcher,15.03.2015,6.79,00:22:50,17.88,27.28,12220,601:31:00
Boettcher,16.03.2015,16.00,00:43:56,21.87,35.74,12236,602:15:00
Boettcher,17.03.2015,15.97,00:43:58,21.80,36.80,12252,602:59:00
Boettcher,18.03.2015,17.10,00:45:12,22.71,33.48,12269,603:45:00
Boettcher,19.03.2015,10.43,00:30:34,20.49,35.40,12279,604:15:00
Boettcher,20.03.2015,20.76,00:55:22,22.50,36.80,12300,605:11:00
Boettcher,23.03.2015,15.93,00:43:21,22.06,36.08,12316,605:54:00
Boettcher,24.03.2015,26.22,01:10:50,22.22,36.44,12342,607:05:00
Boettcher,25.03.2015,10.90,00:31:13,20.96,35.06,12353,607:36:00
Boettcher,26.03.2015,15.95,00:44:53,21.33,37.17,12369,608:21:00
Boettcher,27.03.2015,15.93,00:43:24,22.03,36.44,12385,609:04:00
Boettcher,30.03.2015,15.98,00:44:36,21.51,37.48,12401,609:49:00
Boettcher,31.03.2015,17.27,00:50:58,20.34,35.40,12418,610:40:00
Boettcher,01.04.2015,2.73,00:07:28,22.25,29.97,12421,610:47:00
Boettcher,02.04.2015,15.94,00:48:40,19.65,37.80,12437,611:36:00
Boettcher,07.04.2015,6.02,00:18:33,19.51,32.32,12443,611:54:00
# Neue Bremsbeläge vorne und hinten & Kettenwechsel
Boettcher,08.04.2015,59.43,03:01:42,19.62,37.17,12502,614:56:00
Boettcher,09.04.2015,115.18,05:27:24,21.11,35.40,12617,620:24:00
Boettcher,10.04.2015,140.72,06:31:59,21.53,40.54,12758,626:56:00
Boettcher,11.04.2015,28.70,01:36:17,17.89,35.74,12787,628:32:00
Boettcher,13.04.2015,15.73,00:43:55,21.51,39.47,12803,629:16:00
Boettcher,14.04.2015,15.97,00:43:43,21.93,34.41,12819,629:59:00
Boettcher,15.04.2015,10.69,00:29:02,22.11,35.74,12829,630:28:00
Boettcher,16.04.2015,15.37,00:41:18,22.34,35.06,12845,631:10:00
Boettcher,17.04.2015,14.21,00:41:37,20.49,33.18,12859,631:51:00
Boettcher,18.04.2015,17.95,01:05:32,16.43,28.05,12877,632:57:00
# Neuer Bowdenzug für Umwerfer vorne
Boettcher,19.04.2015,4.08,00:15:47,16.18,29.15,12881,633:13:00
Boettcher,20.04.2015,15.90,00:42:22,22.52,37.48,12897,633:55:00
Boettcher,21.04.2015,18.24,00:46:55,23.33,40.54,12915,634:42:00
# Neuer Sattel (Austausch auf Gewährleistung)
Boettcher,23.04.2015,28.14,01:15:18,22.42,39.12,12943,635:57:00
Boettcher,24.04.2015,17.67,00:48:15,21.97,37.80,12961,636:46:00
Boettcher,26.04.2015,2.62,00:08:40,18.73,29.15,12963,636:54:00
Boettcher,27.04.2015,17.00,00:46:52,21.77,41.68,12980,637:41:00
Boettcher,29.04.2015,12.97,00:36:30,21.33,33.79,12993,638:18:00
Boettcher,30.04.2015,16.50,00:44:41,22.17,36.44,13010,639:02:00
Boettcher,03.05.2015,3.29,00:09:40,21.75,36.08,13013,639:12:00
Boettcher,04.05.2015,18.65,00:50:59,21.96,38.45,13032,640:03:00
Boettcher,05.05.2015,24.93,01:06:41,22.44,40.54,13057,641:10:00
Boettcher,07.05.2015,15.83,00:42:05,22.57,37.80,13073,641:52:00
Boettcher,08.05.2015,16.52,00:44:50,22.13,37.80,13089,642:37:00
Boettcher,11.05.2015,16.52,00:45:29,21.79,37.80,13106,643:22:00
Boettcher,12.05.2015,15.78,00:43:11,21.94,38.45,13122,644:05:00
Boettcher,13.05.2015,15.59,00:44:36,20.98,33.79,13137,644:50:00
# Rad 2 (Trenga GLS 7.5)
Trenga,15.05.2015,26.34,01:20:12,19.71,38.07,26,01:20:00  # Radumfang noch nicht 100%ig..
Trenga,16.05.2015,9.11,00:26:33,20.62,43.10,35,01:46:00  # Radumfang korrigiert?
Trenga,17.05.2015,15.98,00:40:12,23.87,43.91,51,02:26:00
Trenga,18.05.2015,15.76,00:44:04,22.84,39.44,68,03:11:00
Trenga,19.05.2015,16.11,00:42:03,22.91,39.44,84,03:53:00
Trenga,20.05.2015,21.76,00:57:26,22.74,45.63,106,04:50:00
Trenga,21.05.2015,47.98,01:58:29,24.29,40.12,154,06:48:00
Trenga,22.05.2015,16.54,00:44:56,22.10,38.40,170,07:33:00
Trenga,26.05.2015,16.60,00:43:21,22.99,41.56,187,08:17:00
Trenga,04.06.2015,16.92,00:45:59,22.09,39.44,204,09:03:00
Trenga,05.06.2015,21.79,00:59:51,21.86,37.29,226,10:03:00
Trenga,06.06.2015,27.85,01:20:34,20.74,37.66,254,11:23:00
Trenga,07.06.2015,6.15,00:21:42,17.02,34.63,260,11:45:00
Trenga,08.06.2015,16.63,00:44:02,22.68,39.11,276,12:29:00
Trenga,09.06.2015,15.96,00:41:53,22.87,41.93,292,13:11:00
Trenga,11.06.2015,20.59,01:05:37,18.83,40.83,313,14:16:00
Trenga,12.06.2015,16.42,00:44:21,22.23,39.11,329,15:01:00
Trenga,13.06.2015,40.41,01:54:06,21.25,45.19,370,16:55:00
Trenga,14.06.2015,5.51,00:16:29,21.37,33.43,375,17:11:00
Trenga,15.06.2015,16.68,00:44:38,22.44,37.29,392,17:56:00
Boettcher,16.06.2015,26.42,01:17:33,20.44,39.47,13163,646:06:00
Boettcher,17.06.2015,12.93,00:36:48,21.09,32.60,13176,646:43:00
Trenga,18.06.2015,16.04,00:40:51,23.56,41.93,408,18:37:00
Trenga,19.06.2015,16.67,00:44:21,22.56,46.08,425,19:21:00
Trenga,21.06.2015,35.78,02:57:21,12.10,45.19,460,22:19:00
Trenga,22.06.2015,15.99,00:41:57,22.88,38.79,476,23:00:00
Trenga,23.06.2015,28.33,01:20:46,21.04,40.12,505,24:21:00
Trenga,25.06.2015,16.13,00:43:00,22.51,39.78,521,25:04:00
Trenga,26.06.2015,52.72,02:39:11,19.87,43.50,574,27:43:00
Trenga,28.06.2015,5.05,00:16:48,19.40,37.29,579,28:00:00
Trenga,29.06.2015,16.72,00:43:57,22.84,45.63,595,28:44:00
Trenga,30.06.2015,14.10,00:35:07,24.10,43.91,610,29:19:00
Trenga,01.07.2015,4.12,00:11:35,22.65,38.79,614,29:31:00
Trenga,02.07.2015,17.16,00:44:46,23.00,41.93,631,30:16:00
Trenga,03.07.2015,16.18,00:43:35,22.28,41.19,647,30:59:00
Trenga,05.07.2015,50.04,02:24:41,20.75,41.56,697,33:24:00
Trenga,06.07.2015,16.02,00:43:19,22.20,40.83,713,34:07:00
Trenga,07.07.2015,24.22,01:07:45,22.34,41.56,738,35:15:00
Trenga,09.07.2015,14.03,00:39:53,22.24,42.70,752,35:53:00
Trenga,10.07.2015,21.11,00:55:15,22.93,41.19,773,36:48:00
Trenga,11.07.2015,5.02,00:14:12,23.37,42.31,778,37:02:00
Trenga,12.07.2015,3.66,00:14:46,16.11,38.40,782,37:17:00
Trenga,13.07.2015,16.55,00:43:25,22.88,35.91,799,38:00:00
Trenga,14.07.2015,16.73,00:43:50,22.91,38.79,815,38:44:00
Trenga,16.07.2015,17.91,00:48:56,21.96,38.79,833,39:33:00
Trenga,17.07.2015,22.60,01:04:55,20.89,37.66,856,40:38:00
Trenga,20.07.2015,16.05,00:40:53,23.56,45.19,872,41:19:00
Trenga,21.07.2015,17.43,00:46:22,22.57,38.79,889,42:05:00
Trenga,22.07.2015,10.82,00:30:24,21.36,38.79,900,42:36:00
Trenga,23.07.2015,33.68,01:37:45,20.67,41.56,934,44:13:00
Trenga,24.07.2015,15.03,00:39:09,23.65,46.81,949,44:52:00
Trenga,25.07.2015,14.19,00:34:57,24.38,43.91,963,45:27:00
Trenga,26.07.2015,8.43,00:25:42,19.68,37.59,972,45:52:00
Trenga,27.07.2015,16.75,00:44:51,22.42,41.93,988,46:37:00
Trenga,28.07.2015,16.46,00:40:51,24.19,39.11,1005,47:18:00
Trenga,30.07.2015,15.78,00:40:47,23.49,40.12,1021,47:59:00
Trenga,31.07.2015,44.74,02:53:14,15.49,42.31,1068,50:58:00
Boettcher,01.08.2015,24.95,01:02:53,23.82,39.47,13301,647:46:00
